lag,autocorr
0,1.00000
1,0.91797
2,0.83594
3,0.75391
4,0.67188
5,0.58985
6,0.50782
7,0.42579
8,0.34375
9,0.26172
10,0.17969
11,0.09766
12,0.01563
13,-0.06641
14,-0.14844
15,-0.23047
16,-0.31250
17,-0.39454
18,-0.47657
19,-0.55860
20,-0.64063
21,-0.72266
22,-0.80469
23,-0.88672
24,-0.96875
25,-0.88932
26,-0.80990
27,-0.73047
28,-0.65105
29,-0.57162
30,-0.49219
31,-0.41276
32,-0.33334
33,-0.25391
34,-0.17448
35,-0.09505
36,-0.01563
37,0.06380
38,0.14323
39,0.22266
40,0.30209
41,0.38151
42,0.46094
43,0.54037
44,0.61980
45,0.69922
46,0.77865
47,0.85808
48,0.93750
49,0.86068
50,0.78386
51,0.70704
52,0.63021
53,0.55339
54,0.47657
55,0.39974
56,0.32292
57,0.24610
58,0.16927
59,0.09245
60,0.01563
61,-0.06120
62,-0.13802
63,-0.21485
64,-0.29167
65,-0.36849
66,-0.44532
67,-0.52214
68,-0.59896
69,-0.67579
70,-0.75261
71,-0.82943
72,-0.90625
73,-0.83203
74,-0.75782
75,-0.68360
76,-0.60938
77,-0.53516
78,-0.46094
79,-0.38672
80,-0.31250
81,-0.23828
82,-0.16406
83,-0.08984
84,-0.01563
85,0.05859
86,0.13281
87,0.20703
88,0.28125
89,0.35547
90,0.42969
91,0.50391
92,0.57813
93,0.65235
94,0.72657
95,0.80079
96,0.87500
97,0.80339
98,0.73178
99,0.66016
100,0.58855
101,0.51693
102,0.44532
103,0.37370
104,0.30209
105,0.23047
106,0.15886
107,0.08724
108,0.01563
109,-0.05599
110,-0.12761
111,-0.19922
112,-0.27084
113,-0.34245
114,-0.41407
115,-0.48568
116,-0.55730
117,-0.62891
118,-0.70053
119,-0.77214
120,-0.84375
121,-0.77474
122,-0.70573
123,-0.63673
124,-0.56771
125,-0.49870
126,-0.42969
127,-0.36068
128,-0.29167
129,-0.22266
130,-0.15365
131,-0.08464
132,-0.01563
133,0.05339
134,0.12240
135,0.19141
136,0.26042
137,0.32943
138,0.39844
139,0.46745
140,0.53646
141,0.60548
142,0.67449
143,0.74349
144,0.81250
145,0.74610
146,0.67969
147,0.61329
148,0.54688
149,0.48047
150,0.41407
151,0.34766
152,0.28125
153,0.21485
154,0.14844
155,0.08203
156,0.01563
157,-0.05078
158,-0.11719
159,-0.18360
160,-0.25000
161,-0.31641
162,-0.38282
163,-0.44922
164,-0.51563
165,-0.58204
166,-0.64844
167,-0.71485
168,-0.78125
169,-0.71745
170,-0.65365
171,-0.58985
172,-0.52605
173,-0.46224
174,-0.39844
175,-0.33464
176,-0.27084
177,-0.20703
178,-0.14323
179,-0.07943
180,-0.01563
181,0.04818
182,0.11198
183,0.17578
184,0.23959
185,0.30339
186,0.36719
187,0.43099
188,0.49480
189,0.55860
190,0.62240
191,0.68620
192,0.75000
193,0.68881
194,0.62761
195,0.56641
196,0.50521
197,0.44402
198,0.38282
199,0.32162
200,0.26042
201,0.19922
202,0.13802
203,0.07682
204,0.01563
205,-0.04557
206,-0.10677
207,-0.16797
208,-0.22917
209,-0.29037
210,-0.35157
211,-0.41276
212,-0.47396
213,-0.53516
214,-0.59636
215,-0.65756
216,-0.71876
217,-0.66016
218,-0.60157
219,-0.54297
220,-0.48438
221,-0.42579
222,-0.36719
223,-0.30860
224,-0.25000
225,-0.19141
226,-0.13281
227,-0.07422
228,-0.01563
229,0.04297
230,0.10156
231,0.16016
232,0.21875
233,0.27735
234,0.33594
235,0.39454
236,0.45313
237,0.51172
238,0.57032
239,0.62891
240,0.68751
241,0.63152
242,0.57553
243,0.51954
244,0.46355
245,0.40756
246,0.35157
247,0.29558
248,0.23959
249,0.18360
250,0.12761
251,0.07162
252,0.01563
253,-0.04037
254,-0.09636
255,-0.15235
256,-0.20834
257,-0.26433
258,-0.32032
259,-0.37631
260,-0.43230
261,-0.48829
262,-0.54428
263,-0.60027
264,-0.65626
265,-0.60287
266,-0.54948
267,-0.49610
268,-0.44271
269,-0.38933
270,-0.33594
271,-0.28256
272,-0.22917
273,-0.17578
274,-0.12240
275,-0.06901
276,-0.01563
277,0.03776
278,0.09115
279,0.14453
280,0.19792
281,0.25130
282,0.30469
283,0.35808
284,0.41146
285,0.46485
286,0.51823
287,0.57162
288,0.62501
289,0.57422
290,0.52344
291,0.47266
292,0.42188
293,0.37110
294,0.32032
295,0.26953
296,0.21875
297,0.16797
298,0.11719
299,0.06641
300,0.01563
301,-0.03516
302,-0.08594
303,-0.13672
304,-0.18750
305,-0.23828
306,-0.28907
307,-0.33985
308,-0.39063
309,-0.44141
310,-0.49219
311,-0.54297
312,-0.59376
313,-0.54558
314,-0.49740
315,-0.44922
316,-0.40105
317,-0.35287
318,-0.30469
319,-0.25651
320,-0.20834
321,-0.16016
322,-0.11198
323,-0.06380
324,-0.01563
325,0.03255
326,0.08073
327,0.12891
328,0.17709
329,0.22526
330,0.27344
331,0.32162
332,0.36980
333,0.41797
334,0.46615
335,0.51433
336,0.56251
337,0.51693
338,0.47136
339,0.42579
340,0.38021
341,0.33464
342,0.28907
343,0.24349
344,0.19792
345,0.15235
346,0.10677
347,0.06120
348,0.01563
349,-0.02995
350,-0.07552
351,-0.12110
352,-0.16667
353,-0.21224
354,-0.25782
355,-0.30339
356,-0.34896
357,-0.39454
358,-0.44011
359,-0.48568
360,-0.53126
361,-0.48829
362,-0.44532
363,-0.40235
364,-0.35938
365,-0.31641
366,-0.27344
367,-0.23047
368,-0.18750
369,-0.14453
370,-0.10156
371,-0.05859
372,-0.01563
373,0.02734
374,0.07031
375,0.11328
376,0.15625
377,0.19922
378,0.24219
379,0.28516
380,0.32813
381,0.37110
382,0.41407
383,0.45704
