lag,raw,whitened
24,326274496.000000,-0.000405
25,322052480.000000,-0.000151
26,317798912.000000,-0.000336
27,313599872.000000,-0.000406
28,309504640.000000,0.000162
29,305491104.000000,-0.000079
30,301526016.000000,-0.000178
31,297579136.000000,0.000294
32,293641600.000000,-0.000328
33,289731712.000000,-0.000603
34,285889728.000000,-0.000422
35,282178944.000000,-0.000244
36,278644480.000000,-0.000336
37,275299072.000000,-0.000504
38,272144832.000000,-0.000005
39,269128384.000000,0.000584
40,266188992.000000,-0.000353
41,263311616.000000,-0.000183
42,260525264.000000,-0.000005
43,257874880.000000,0.000579
44,255361840.000000,0.000286
45,252947696.000000,-0.000406
46,250576160.000000,0.000146
47,248196672.000000,-0.000072
48,245790976.000000,0.000035
49,243357696.000000,-0.000356
50,240922944.000000,-0.000443
51,238524672.000000,-0.001019
52,236204416.000000,-0.000514
53,234004640.000000,-0.000628
54,231939664.000000,-0.000719
55,229995520.000000,-0.000345
56,228131360.000000,-0.000553
57,226293632.000000,-0.000419
58,224428864.000000,0.000074
59,222515296.000000,0.000223
60,220579728.000000,0.000505
61,218693952.000000,-0.000701
62,216899936.000000,0.000405
63,215201536.000000,-0.000821
64,213583680.000000,-0.000273
65,212006848.000000,-0.000055
66,210415872.000000,0.000641
67,208748800.000000,0.000720
68,206988080.000000,0.001048
69,205151952.000000,-0.000750
70,203286784.000000,0.000198
71,201437984.000000,-0.000009
72,199650560.000000,-0.000531
73,197956992.000000,0.000535
74,196374432.000000,0.000729
75,194907056.000000,-0.000679
76,193542784.000000,0.000335
77,192247872.000000,0.000598
78,190990160.000000,-0.000387
79,189755552.000000,0.000051
80,188536352.000000,0.000729
81,187308224.000000,0.000987
82,186043680.000000,-0.000266
83,184718400.000000,0.000353
84,183311760.000000,0.001692
85,181815424.000000,0.000793
86,180227360.000000,0.001815
87,178566496.000000,0.000181
88,176877568.000000,-0.000579
89,175171328.000000,-0.000941
90,173440384.000000,0.000680
91,171661648.000000,-0.000549
92,169835488.000000,-0.000478
93,167991216.000000,-0.000832
94,166165600.000000,0.000249
95,164372560.000000,0.000620
96,162612384.000000,0.000456
97,160872496.000000,-0.001212
98,159116960.000000,0.000147
99,157326400.000000,-0.000772
100,155515296.000000,-0.001007
101,153696288.000000,0.000391
102,151867040.000000,-0.000676
103,150001856.000000,-0.000244
104,148091616.000000,0.000422
105,146160112.000000,0.000116
106,144249104.000000,-0.000695
107,142394432.000000,-0.000801
108,140586400.000000,-0.000003
109,138773552.000000,-0.000461
110,136905888.000000,0.001233
111,134948896.000000,0.001369
112,132908824.000000,-0.000264
113,130813328.000000,-0.000027
114,128702136.000000,0.001553
115,126630640.000000,0.000309
116,124637976.000000,0.000950
117,122733968.000000,0.001221
118,120898992.000000,-0.000123
119,119079792.000000,0.001257
120,117218840.000000,0.000092
121,115268432.000000,-0.000357
122,113214400.000000,0.000201
123,111073664.000000,0.000652
124,108871192.000000,0.000971
125,106629336.000000,-0.000881
126,104348320.000000,0.000458
127,102009960.000000,-0.001120
128,99606344.000000,0.002218
129,97126608.000000,-0.000722
130,94574784.000000,0.002123
131,91964256.000000,0.000471
132,89338288.000000,0.001587
133,86748224.000000,0.003171
134,84230360.000000,-0.001104
135,81791408.000000,0.002452
136,79424944.000000,0.000697
137,77113824.000000,0.000071
138,74865464.000000,-0.000001
139,72700936.000000,0.000685
140,70637064.000000,0.002154
141,68671744.000000,-0.001102
142,66768172.000000,0.001698
143,64850752.000000,0.001421
144,62862256.000000,0.000746
145,60792744.000000,-0.000009
146,58655544.000000,0.000143
147,56458680.000000,0.001866
148,54200616.000000,-0.000557
149,51877928.000000,-0.000899
150,49472864.000000,0.000992
151,46995240.000000,-0.000840
152,44487480.000000,0.002497
153,41973476.000000,0.003458
154,39476672.000000,0.002204
155,37024608.000000,-0.001001
156,34660896.000000,-0.000881
157,32411856.000000,-0.000926
158,30258602.000000,0.003446
159,28148408.000000,0.002585
160,26036364.000000,0.000146
161,23899876.000000,0.001017
162,21725198.000000,-0.000714
163,19519064.000000,-0.000943
164,17303948.000000,-0.002082
165,15089429.000000,0.000927
166,12864925.000000,0.000497
167,10642027.000000,-0.000408
168,8466180.000000,0.001342
169,6390157.000000,-0.000042
170,4444005.000000,0.000453
171,2634607.000000,0.002679
172,933156.000000,0.001463
173,-699851.000000,-0.000712
174,-2297801.000000,-0.001453
175,-3882499.000000,0.000271
176,-5463131.000000,0.000094
177,-7045561.000000,-0.000579
178,-8656830.000000,0.001503
179,-10343207.000000,0.001733
180,-12115631.000000,0.000681
181,-13943568.000000,0.001303
182,-15773416.000000,0.000500
183,-17554100.000000,0.002032
184,-19255080.000000,0.000953
185,-20858008.000000,-0.000397
186,-22366710.000000,-0.001709
187,-23798216.000000,0.002450
188,-25181862.000000,0.001720
189,-26532112.000000,0.001439
190,-27841034.000000,0.003370
191,-29095612.000000,0.000229
192,-30309896.000000,-0.000796
193,-31508284.000000,-0.000002
194,-32726528.000000,0.002681
195,-33979068.000000,0.000227
196,-35237648.000000,-0.000142
197,-36462272.000000,-0.000184
198,-37610004.000000,0.000907
199,-38667448.000000,-0.000610
200,-39660248.000000,-0.000464
201,-40628408.000000,-0.000959
202,-41594400.000000,-0.000376
203,-42565344.000000,0.000478
204,-43549208.000000,0.000052
205,-44549852.000000,-0.000874
206,-45595192.000000,0.001514
207,-46721656.000000,0.001245
208,-47942668.000000,-0.000157
209,-49240584.000000,0.001219
210,-50573596.000000,-0.000487
211,-51870112.000000,-0.000877
212,-53070512.000000,0.003597
213,-54123892.000000,-0.000169
214,-54988520.000000,0.000605
215,-55659216.000000,-0.000878
216,-56167120.000000,0.001093
217,-56567056.000000,-0.000806
218,-56917656.000000,0.001302
219,-57275072.000000,-0.000172
220,-57680040.000000,0.002613
221,-58142504.000000,-0.001055
222,-58622080.000000,-0.001857
223,-59068424.000000,0.001314
224,-59457968.000000,0.000936
225,-59781812.000000,0.001707
226,-60049000.000000,0.002334
227,-60284568.000000,-0.000475
228,-60511528.000000,-0.000983
229,-60747276.000000,0.000960
230,-60996028.000000,-0.000553
231,-61236480.000000,-0.001005
232,-61452488.000000,0.002105
233,-61649488.000000,0.001255
234,-61848688.000000,0.000387
235,-62065272.000000,0.002723
236,-62302656.000000,0.001056
237,-62550240.000000,0.000200
238,-62800928.000000,-0.001277
239,-63040344.000000,-0.000221
240,-63259496.000000,0.001010
241,-63456888.000000,-0.000683
242,-63619728.000000,0.001354
243,-63734900.000000,-0.000465
244,-63784040.000000,-0.000159
245,-63758364.000000,-0.000138
246,-63664032.000000,-0.000977
247,-63511408.000000,-0.001033
248,-63315768.000000,-0.000653
249,-63103096.000000,-0.001161
250,-62917464.000000,0.001503
251,-62801456.000000,0.000198
252,-62779392.000000,0.008679
253,-62865328.000000,0.012339
254,-63021132.000000,0.005311
255,-63181404.000000,0.036252
256,-63388808.000000,0.084611
257,-63686288.000000,0.034033
258,-63924280.000000,0.005746
259,-63973544.000000,0.012589
260,-63861272.000000,0.006301
261,-63641904.000000,0.000887
262,-63356004.000000,0.002089
263,-63047064.000000,-0.002012
264,-62751112.000000,-0.001009
265,-62495256.000000,-0.001026
266,-62291732.000000,-0.000461
267,-62135704.000000,0.000857
268,-62022216.000000,-0.000383
269,-61943816.000000,0.000074
270,-61888696.000000,0.000428
271,-61852720.000000,0.000617
272,-61830000.000000,0.000885
273,-61812512.000000,-0.000422
274,-61794224.000000,0.000484
275,-61774576.000000,-0.000003
276,-61751464.000000,0.000051
277,-61719964.000000,-0.000127
278,-61687744.000000,-0.000090
279,-61660036.000000,-0.000883
280,-61629280.000000,0.000995
281,-61586172.000000,0.000169
282,-61523892.000000,-0.000536
283,-61443112.000000,0.000930
284,-61349080.000000,-0.000192
285,-61242288.000000,0.000358
286,-61116896.000000,-0.000449
287,-60960336.000000,-0.001120
288,-60761396.000000,0.001305
289,-60520024.000000,0.000041
290,-60243832.000000,0.000745
291,-59951384.000000,-0.000377
292,-59666368.000000,-0.000145
293,-59405944.000000,0.000494
294,-59171592.000000,0.000175
295,-58960680.000000,0.000494
296,-58766888.000000,0.000203
297,-58579936.000000,0.000726
298,-58385464.000000,0.000341
299,-58170720.000000,0.001876
300,-57929984.000000,0.000222
301,-57659080.000000,0.000958
302,-57355600.000000,-0.000525
303,-57022512.000000,0.001025
304,-56675416.000000,0.000789
305,-56333184.000000,0.000318
306,-56011308.000000,0.000294
307,-55718680.000000,0.000337
308,-55454404.000000,-0.000200
309,-55215788.000000,-0.000174
310,-54999544.000000,-0.000361
311,-54802760.000000,-0.000648
312,-54619828.000000,-0.000520
313,-54443720.000000,-0.000472
314,-54269528.000000,-0.000594
315,-54097028.000000,-0.000561
316,-53926240.000000,-0.000205
317,-53759416.000000,-0.000202
318,-53602008.000000,0.000001
319,-53459984.000000,-0.000334
320,-53335264.000000,-0.000490
321,-53227856.000000,-0.000269
322,-53140264.000000,0.001248
323,-53072928.000000,0.000441
324,-53018764.000000,0.001169
325,-52967616.000000,-0.000044
326,-52907528.000000,0.000688
327,-52824380.000000,0.000685
328,-52704584.000000,0.001081
329,-52536848.000000,0.000091
330,-52314352.000000,0.000570
331,-52034672.000000,-0.000097
332,-51696560.000000,0.000519
333,-51305336.000000,0.000712
334,-50872160.000000,0.000433
335,-50410800.000000,0.000825
336,-49932264.000000,0.000035
337,-49444664.000000,0.000631
338,-48957848.000000,-0.000153
339,-48478000.000000,-0.000045
340,-48008616.000000,0.000687
341,-47553200.000000,0.000097
342,-47109128.000000,0.000742
343,-46671096.000000,0.000761
344,-46232460.000000,0.000267
345,-45786648.000000,0.000157
346,-45327216.000000,0.001032
347,-44851664.000000,0.000276
348,-44362116.000000,-0.000101
349,-43861832.000000,-0.000309
350,-43354140.000000,-0.000154
351,-42843832.000000,0.000234
352,-42329956.000000,0.000178
353,-41809724.000000,0.000069
354,-41283756.000000,0.000155
355,-40755036.000000,0.000345
356,-40227728.000000,0.000262
357,-39710840.000000,-0.000008
358,-39209464.000000,0.000070
359,-38722968.000000,0.000497
360,-38244852.000000,0.000863
361,-37768008.000000,0.000447
362,-37285920.000000,0.000404
363,-36795276.000000,-0.000295
364,-36294576.000000,-0.000065
365,-35785936.000000,0.000457
366,-35273008.000000,-0.000235
367,-34760716.000000,-0.000058
368,-34257440.000000,-0.000188
369,-33776552.000000,0.000329
370,-33331482.000000,-0.000321
371,-32925700.000000,-0.000299
372,-32554972.000000,-0.000031
373,-32212546.000000,0.000611
374,-31889928.000000,-0.000032
375,-31578012.000000,-0.000141
376,-31269868.000000,0.000390
377,-30959064.000000,-0.000114
378,-30640708.000000,0.000155
379,-30313340.000000,-0.000001
380,-29979452.000000,0.000068
381,-29643316.000000,-0.000023
382,-29309152.000000,-0.000644
383,-28978620.000000,-0.000121
384,-28653028.000000,0.000748
385,-28332778.000000,-0.000594
386,-28018588.000000,0.000185
387,-27713702.000000,-0.000103
388,-27415336.000000,0.000928
389,-27117392.000000,0.000527
390,-26815278.000000,0.000748
391,-26507076.000000,0.000535
392,-26195028.000000,0.000120
393,-25881948.000000,0.000069
394,-25569028.000000,0.000332
395,-25255650.000000,0.000232
396,-24939946.000000,0.000514
397,-24623502.000000,0.000017
398,-24312000.000000,0.000436
399,-24013332.000000,0.000248
400,-23730856.000000,-0.000151
401,-23465094.000000,0.000036
402,-23215424.000000,0.000709
403,-22978770.000000,-0.000564
404,-22748948.000000,-0.000207
405,-22522878.000000,0.000160
406,-22300030.000000,-0.000243
407,-22078638.000000,-0.000163
408,-21857956.000000,-0.000385
409,-21635900.000000,0.000592
410,-21413838.000000,-0.000023
411,-21191192.000000,0.000243
412,-20967276.000000,0.000318
413,-20740448.000000,0.000165
414,-20513552.000000,0.000085
415,-20288752.000000,0.000514
416,-20064870.000000,0.000240
417,-19841692.000000,0.000007
418,-19623270.000000,0.000155
419,-19412132.000000,-0.000073
420,-19206848.000000,-0.000509
421,-19007028.000000,0.000250
422,-18814192.000000,0.000404
423,-18627384.000000,0.000041
424,-18441744.000000,0.000164
425,-18252544.000000,0.000299
426,-18058682.000000,0.000252
427,-17862404.000000,-0.000313
428,-17669120.000000,0.001082
429,-17484614.000000,-0.000118
430,-17310060.000000,-0.000156
431,-17144932.000000,-0.000094
432,-16985848.000000,0.000077
433,-16829696.000000,0.000489
434,-16676638.000000,0.000123
435,-16526508.000000,-0.000337
436,-16376850.000000,0.000603
437,-16227282.000000,0.000150
438,-16077528.000000,0.000447
439,-15928607.000000,0.000231
440,-15782172.000000,0.000429
441,-15639340.000000,-0.000077
442,-15500450.000000,0.000034
443,-15366440.000000,0.000347
444,-15237405.000000,0.000712
445,-15111177.000000,0.000228
446,-14985690.000000,0.000157
447,-14860268.000000,-0.000123
448,-14734626.000000,-0.000108
449,-14610632.000000,-0.000133
450,-14488027.000000,0.000311
451,-14368498.000000,0.000184
452,-14253804.000000,-0.000178
453,-14144239.000000,-0.000131
454,-14041868.000000,0.000219
455,-13819830.000000,-0.000201
456,-13544374.000000,0.000547
457,-13268856.000000,0.000354
458,-12990042.000000,-0.000076
459,-12704178.000000,-0.000200
460,-12408956.000000,-0.000388
461,-12104349.000000,-0.000142
462,-11791806.000000,0.000024
463,-11472263.000000,-0.000025
464,-11146212.000000,0.000280
465,-10814407.000000,0.000671
466,-10476206.000000,0.000060
467,-10129735.000000,0.001032
468,-9774636.000000,0.001450
469,-9414307.000000,-0.000217
470,-9054148.000000,-0.000190
471,-8698836.000000,-0.000611
472,-8349504.000000,-0.000175
473,-8004851.000000,-0.000214
474,-7663450.000000,0.000365
475,-7325302.000000,-0.000191
476,-6990302.000000,0.000599
477,-6658713.000000,-0.000415
478,-6331208.000000,-0.000095
479,-6008796.000000,0.000300
480,-5690080.500000,0.000219
481,-5373200.500000,0.000152
482,-5055626.000000,0.000613
483,-4735123.000000,0.000329
484,-4411708.000000,0.000446
485,-4086649.000000,0.000086
486,-3760925.250000,0.000055
487,-3434101.000000,0.000214
488,-3105638.000000,-0.000278
489,-2774952.250000,-0.000380
490,-2441888.250000,-0.000126
491,-2107896.500000,0.000181
492,-1775491.500000,-0.000153
493,-1446663.000000,0.000115
494,-1122297.125000,0.000002
495,-803187.750000,0.000114
496,-490332.093750,-0.000154
497,-183977.828125,-0.000057
498,115425.468750,0.000038
499,408982.843750,-0.000018
500,699852.875000,-0.000054
501,991423.437500,-0.000186
502,1286493.500000,0.000452
503,1584924.375000,0.000429
504,1884187.250000,0.000533
505,2181610.250000,-0.000201
506,2477943.250000,0.000267
507,2775358.750000,0.000986
508,3076795.000000,0.001752
509,3385101.000000,0.003781
510,3702425.500000,0.002393
511,4028870.500000,0.008836
512,4343998.500000,0.024000
513,4627489.000000,0.008457
514,4896416.000000,0.002036
515,5168686.000000,0.003655
516,5441669.000000,0.001373
517,5712305.500000,0.000573
518,5977774.000000,0.000437
519,6235116.500000,0.000132
520,6483392.000000,-0.000170
521,6722761.500000,-0.000077
522,6952489.000000,-0.000070
523,7171927.000000,0.000311
524,7380662.000000,-0.000088
525,7578743.500000,0.000277
526,7766433.000000,0.000039
527,7944456.000000,0.000128
528,8113469.000000,0.000678
529,8274329.000000,0.000625
530,8427666.000000,0.000380
531,8572859.000000,0.000532
532,8708912.000000,0.000178
533,8835263.000000,0.000552
534,8952568.000000,0.000046
535,9061578.000000,-0.000155
536,9163481.000000,0.000712
537,9259870.000000,0.000093
538,9353366.000000,0.000016
539,9445608.000000,-0.000099
540,9536898.000000,0.000472
541,9626496.000000,0.000444
542,9714092.000000,0.000525
543,9799218.000000,0.000308
544,9880288.000000,-0.000172
545,9955566.000000,-0.000063
546,10023638.000000,0.000113
547,10085669.000000,-0.000168
548,10144904.000000,-0.000147
549,10203293.000000,0.000052
550,10261405.000000,0.000556
551,10320105.000000,0.000195
552,10380422.000000,0.000368
553,10442919.000000,0.000362
554,10506906.000000,-0.000025
555,10571675.000000,0.000097
556,10636004.000000,-0.000129
557,10697740.000000,-0.000123
558,10755118.000000,0.000243
559,10807523.000000,0.000242
560,10855632.000000,0.000020
561,10901000.000000,0.000447
562,10944746.000000,-0.000033
563,10986491.000000,-0.000074
564,11025574.000000,-0.000230
565,11061336.000000,-0.000104
566,11093358.000000,-0.000162
567,11121552.000000,-0.000163
568,11145790.000000,0.000011
569,11165805.000000,0.000126
570,11182516.000000,-0.000070
571,11197614.000000,-0.000196
572,11213148.000000,0.000151
573,11230396.000000,0.000504
574,11248924.000000,0.000160
575,11267618.000000,0.000060
576,11285584.000000,-0.000218
577,11302546.000000,-0.000045
578,11319011.000000,-0.000039
579,11336116.000000,0.000003
580,11354030.000000,0.000075
581,11371790.000000,-0.000122
582,11388596.000000,-0.000138
583,11403310.000000,0.000033
584,11414212.000000,0.000043
585,11420191.000000,0.000006
586,11421458.000000,0.000136
587,11418734.000000,-0.000119
588,11412350.000000,0.000131
589,11402718.000000,0.000072
590,11390609.000000,0.000316
591,11376280.000000,0.000307
592,11359519.000000,0.000532
593,11339937.000000,-0.000077
594,11317974.000000,-0.000155
595,11294207.000000,-0.000159
596,11269374.000000,-0.000051
597,11244076.000000,-0.000104
598,11218976.000000,-0.000036
599,11193882.000000,0.000071
600,11167912.000000,0.000121
601,11140673.000000,0.000080
602,11112125.000000,-0.000107
603,11081860.000000,-0.000036
604,11048876.000000,0.000340
605,11012252.000000,0.000203
606,10971527.000000,0.000084
607,10926811.000000,0.000165
608,10879332.000000,0.000100
609,10830324.000000,0.000226
610,10780478.000000,0.000074
611,10729519.000000,-0.000105
612,10677026.000000,0.000017
613,10622552.000000,-0.000109
614,10565956.000000,-0.000022
615,10507541.000000,0.000025
616,10447604.000000,0.000121
617,10386398.000000,0.000068
618,10324223.000000,-0.000036
619,10261204.000000,-0.000046
620,10197292.000000,0.000014
621,10132230.000000,-0.000082
622,10065932.000000,-0.000122
623,9998616.000000,0.000022
624,9930441.000000,-0.000109
625,9861406.000000,-0.000060
626,9790701.000000,-0.000016
627,9717548.000000,0.000034
628,9641836.000000,-0.000046
629,9564010.000000,-0.000153
630,9484902.000000,-0.000014
631,9405028.000000,-0.000049
632,9325027.000000,-0.000048
633,9245604.000000,-0.000034
634,9167182.000000,-0.000043
635,9089990.000000,-0.000071
636,9013995.000000,0.000007
637,8938638.000000,-0.000024
638,8863425.000000,-0.000100
639,8788170.000000,-0.000078
640,8712906.000000,0.000058
641,8637696.000000,0.000053
642,8562808.000000,0.000163
643,8488218.000000,0.000179
644,8413732.000000,-0.000013
645,8339290.500000,-0.000055
646,8265050.500000,-0.000019
647,8190931.000000,-0.000026
648,8116797.000000,-0.000041
649,8042307.000000,-0.000011
650,7967002.000000,0.000012
651,7890575.500000,0.000015
652,7813276.000000,-0.000018
653,7735831.000000,-0.000095
654,7658858.000000,-0.000014
655,7582834.000000,-0.000021
656,7508258.500000,-0.000099
657,7435346.500000,-0.000044
658,7363983.000000,0.000087
659,7293579.000000,0.000082
660,7223485.500000,0.000011
661,7152899.000000,-0.000033
662,7081412.500000,-0.000074
663,7009098.000000,-0.000055
664,6936283.500000,-0.000013
665,6863494.500000,0.000048
666,6791319.000000,0.000012
667,6720032.000000,-0.000045
668,6649555.000000,-0.000042
669,6579625.000000,-0.000069
670,6509889.000000,-0.000032
671,6439953.000000,-0.000010
672,6369735.500000,-0.000067
673,6299427.000000,0.000010
674,6229091.000000,0.000129
675,6158753.000000,0.000057
676,6088513.000000,-0.000053
677,6018531.000000,0.000007
678,5948896.500000,0.000036
679,5879732.000000,0.000018
680,5811131.500000,0.000106
681,5742968.500000,0.000013
682,5675040.000000,-0.000011
683,5607259.500000,0.000002
684,5539651.000000,-0.000016
685,5472342.000000,0.000059
686,5405432.000000,-0.000036
687,5338974.000000,-0.000008
688,5272929.000000,0.000082
689,5207267.000000,0.000163
690,5142155.500000,0.000027
691,5077695.000000,-0.000036
692,5013914.500000,0.000037
693,4950881.000000,0.000050
694,4888694.500000,0.000123
695,4827444.000000,0.000011
696,4767077.000000,-0.000005
697,4707434.000000,-0.000033
698,4648301.000000,0.000078
699,4589413.000000,0.000038
700,4530587.000000,0.000002
701,4471938.000000,0.000005
702,4413704.000000,0.000012
703,4356037.000000,-0.000045
704,4298979.500000,-0.000110
705,4242487.000000,-0.000023
706,4186447.000000,0.000031
707,4130799.500000,-0.000051
708,4075639.000000,-0.000103
709,4021078.750000,-0.000086
710,3967044.000000,-0.000086
711,3913453.500000,-0.000084
712,3860302.250000,-0.000049
713,3807557.500000,0.000122
714,3755159.750000,-0.000015
715,3703027.000000,-0.000084
716,3651126.250000,-0.000041
717,3599440.500000,-0.000071
718,3547942.250000,0.000019
719,3496610.500000,-0.000029
720,3445436.500000,-0.000003
721,3394454.500000,0.000080
722,3343872.750000,-0.000014
723,3293828.500000,0.000014
724,3244345.500000,0.000080
725,3195423.750000,-0.000065
726,3146875.250000,-0.000064
727,3098624.500000,-0.000092
728,3050698.000000,-0.000075
729,3003184.750000,-0.000050
730,2956159.000000,-0.000067
731,2909635.500000,-0.000082
732,2863701.500000,-0.000066
733,2818417.500000,-0.000072
734,2773743.500000,-0.000067
735,2729633.500000,0.000005
736,2686063.000000,0.000059
737,2642948.500000,0.000050
738,2600250.500000,0.000001
739,2557934.500000,-0.000062
740,2515964.000000,-0.000072
741,2474357.250000,-0.000073
742,2433083.000000,-0.000048
743,2392127.750000,-0.000005
744,2351456.500000,0.000001
745,2311080.250000,-0.000047
746,2270981.250000,0.000047
747,2231174.000000,0.000015
748,2191698.500000,0.000008
749,2152615.500000,-0.000036
750,2113911.500000,0.000043
751,2075556.125000,0.000055
752,2037437.625000,0.000081
753,1999513.000000,0.000066
754,1961795.625000,0.000021
755,1924269.250000,-0.000041
756,1887003.000000,-0.000047
757,1850102.875000,-0.000057
758,1813590.000000,-0.000071
759,1777508.125000,-0.000063
760,1741916.500000,-0.000063
761,1706845.500000,-0.000089
762,1672263.250000,-0.000017
763,1638077.000000,0.000017
764,1604208.500000,0.000248
765,1570656.250000,0.000276
766,1537580.375000,0.000151
767,1505140.500000,0.000661
768,1472756.750000,0.001894
769,1439952.250000,0.000627
770,1407460.125000,0.000130
771,1375894.500000,0.000258
772,1345126.250000,0.000201
773,1315028.000000,-0.000008
774,1285553.250000,-0.000006
775,1256707.875000,-0.000048
776,1228533.500000,-0.000063
777,1201091.625000,-0.000058
778,1174356.250000,-0.000057
779,1148216.250000,-0.000039
780,1122587.000000,-0.000040
781,1097356.000000,-0.000018
782,1072450.250000,-0.000024
783,1047819.125000,0.000031
784,1023470.687500,0.000056
785,999396.125000,0.000004
786,975591.312500,-0.000008
787,952080.875000,-0.000032
788,928931.312500,-0.000039
789,906208.687500,-0.000032
790,883898.187500,-0.000033
791,862002.375000,-0.000058
792,840505.000000,0.000012
793,819431.750000,-0.000011
794,798825.937500,-0.000036
795,778700.875000,-0.000031
796,759062.187500,-0.000005
797,739946.250000,0.000033
798,721334.875000,0.000039
799,703207.500000,0.000013
800,685519.500000,-0.000044
801,668211.250000,-0.000054
802,651250.937500,-0.000019
803,634574.000000,-0.000033
804,618182.187500,-0.000038
805,602076.000000,0.000008
806,586218.187500,0.000041
807,570601.625000,0.000002
808,555197.875000,-0.000015
809,540003.437500,0.000014
810,525005.625000,0.000024
811,510189.375000,0.000033
812,495578.250000,-0.000009
813,481189.000000,-0.000013
814,467031.937500,0.000052
815,453138.562500,0.000027
816,439509.812500,-0.000030
817,426146.781250,0.000024
818,413052.312500,-0.000017
819,400237.937500,-0.000044
820,387707.187500,-0.000030
821,375483.812500,-0.000028
822,363545.000000,-0.000048
823,351896.875000,-0.000053
824,340523.031250,-0.000031
825,329438.656250,0.000003
826,318616.343750,-0.000008
827,308051.687500,-0.000047
828,297717.750000,-0.000048
829,287623.812500,-0.000044
830,277765.218750,-0.000049
831,268130.937500,-0.000052
832,258745.078125,-0.000066
833,249645.656250,-0.000048
834,240847.843750,-0.000015
835,232356.796875,-0.000003
836,224167.593750,-0.000004
837,216294.453125,-0.000028
838,208732.687500,-0.000014
839,201467.562500,-0.000026
840,194477.718750,-0.000033
841,187738.468750,-0.000029
842,181231.796875,-0.000047
843,174937.125000,-0.000038
844,168835.984375,-0.000025
845,162913.156250,-0.000028
846,157147.203125,-0.000023
847,151543.875000,-0.000020
848,146115.656250,-0.000002
849,140852.906250,-0.000029
850,135769.343750,-0.000034
851,130854.703125,-0.000026
852,126112.015625,-0.000038
853,121540.859375,-0.000041
854,117124.765625,-0.000023
855,112869.937500,-0.000031
856,108737.984375,-0.000024
857,104746.437500,-0.000019
858,100877.968750,-0.000017
859,97112.156250,-0.000023
860,93442.546875,0.000007
861,89883.406250,0.000010
862,86430.406250,-0.000006
863,83105.468750,-0.000009
864,79911.281250,-0.000008
865,76843.109375,-0.000010
866,73885.859375,-0.000013
867,71034.398438,-0.000019
868,68274.281250,-0.000017
869,65623.421875,-0.000009
870,63079.832031,-0.000031
871,60627.742188,-0.000032
872,58271.070312,-0.000037
873,56008.671875,-0.000039
874,53862.617188,-0.000029
875,51822.632812,-0.000013
876,49876.183594,-0.000007
877,48003.234375,-0.000026
878,46217.527344,-0.000040
879,44497.476562,-0.000037
880,42845.179688,-0.000018
881,41264.375000,-0.000033
882,39751.070312,-0.000038
883,38307.917969,-0.000031
884,36921.300781,-0.000022
885,35594.750000,-0.000026
886,34317.804688,-0.000029
887,33086.324219,-0.000019
888,31901.062500,-0.000011
889,30764.224609,-0.000029
890,29659.083984,-0.000042
891,28599.757812,-0.000028
892,27574.000000,-0.000026
893,26586.757812,-0.000034
894,25638.203125,-0.000038
895,24732.097656,-0.000032
896,23854.414062,-0.000024
897,23018.714844,-0.000038
898,22206.183594,-0.000035
899,21427.167969,-0.000015
900,20676.773438,-0.000024
901,19947.195312,-0.000027
902,19251.224609,-0.000036
903,18583.291016,-0.000036
904,17945.683594,-0.000027
905,17339.921875,-0.000026
906,16759.656250,-0.000031
907,16214.253906,-0.000025
908,15686.892578,-0.000033
909,15193.705078,-0.000030
910,14720.402344,-0.000019
911,14265.767578,-0.000024
912,13828.484375,-0.000032
913,13412.596680,-0.000032
914,13004.691406,-0.000022
915,12619.851562,-0.000015
916,12241.136719,-0.000020
917,11863.066406,-0.000027
918,11493.733398,-0.000029
919,11134.101562,-0.000032
920,10771.923828,-0.000028
921,10423.468750,-0.000035
922,10073.670898,-0.000032
923,9736.418945,-0.000023
924,9408.699219,-0.000024
925,9084.709961,-0.000018
926,8779.554688,-0.000026
927,8477.914062,-0.000019
928,8185.022461,-0.000016
929,7903.706055,-0.000022
930,7623.579102,-0.000020
931,7360.749023,-0.000014
932,7098.430176,-0.000015
933,6839.485840,-0.000016
934,6588.294922,-0.000015
935,6347.109375,-0.000019
936,6097.538574,-0.000015
937,5857.386719,-0.000025
938,5614.229492,-0.000035
939,5393.805664,-0.000034
940,5168.370117,-0.000032
941,4947.230469,-0.000018
942,4726.174316,-0.000027
943,4515.011719,-0.000031
944,4302.520508,-0.000019
945,4100.384277,-0.000011
946,3898.849365,-0.000013
947,3709.224365,-0.000016
948,3518.680664,-0.000018
949,3339.858154,-0.000021
950,3161.303955,-0.000019
951,2994.876953,-0.000014
952,2832.959229,-0.000028
953,2687.023438,-0.000022
954,2526.093262,-0.000009
955,2385.699707,-0.000022
956,2247.823975,-0.000030
957,2109.630615,-0.000023
958,1982.192139,-0.000020
959,1859.059937,-0.000035
960,1735.680786,-0.000039
961,1636.533203,-0.000039
962,1516.196411,-0.000027
963,1414.654053,-0.000028
964,1319.069214,-0.000037
965,1219.689697,-0.000038
966,1133.666016,-0.000032
967,1046.236084,-0.000036
968,963.326660,-0.000027
969,893.686646,-0.000021
970,818.967896,-0.000043
971,756.071838,-0.000038
972,695.093811,-0.000027
973,630.302734,-0.000031
974,569.571533,-0.000026
975,524.753784,-0.000027
976,473.254272,-0.000040
977,433.709259,-0.000014
978,382.625092,-0.000015
979,343.117798,-0.000020
980,306.224884,-0.000013
981,268.136322,-0.000025
982,238.952515,-0.000037
983,211.810211,-0.000031
984,182.392120,-0.000020
985,168.464783,-0.000016
986,135.745087,-0.000008
987,118.769234,-0.000017
988,101.177292,-0.000024
989,86.809929,-0.000032
990,75.705925,-0.000037
991,69.652145,-0.000036
992,51.999096,-0.000017
993,57.067173,-0.000016
994,38.367832,-0.000021
995,33.713120,-0.000010
996,31.200647,-0.000010
997,23.357265,-0.000019
998,22.525545,-0.000033
999,16.000000,-0.000010
1000,16.000000,-0.000018
1001,11.448956,-0.000033
1002,4.701459,-0.000012
1003,16.000000,-0.000013
1004,11.278523,-0.000024
1005,16.000000,-0.000021
1006,6.493429,-0.000018
1007,16.000000,-0.000013
1008,16.000000,-0.000016
1009,16.000000,-0.000021
1010,0.000000,-0.000033
1011,2.052581,-0.000036
1012,10.034002,-0.000035
1013,16.000000,-0.000027
1014,16.000000,-0.000024
1015,9.017416,-0.000015
1016,4.010795,-0.000030
1017,15.621408,-0.000038
1018,48.000000,-0.000027
1019,16.000000,-0.000017
1020,32.000000,0.000039
1021,3.227303,0.000034
1022,3.629900,0.000014
1023,32.000000,0.000101
