lag,full_res,half_pyramid
24,0.000552,-0.000007
25,-0.000124,0.000473
26,0.000253,-0.000215
27,0.000225,0.000077
28,0.000083,0.000238
29,-0.000047,0.000261
30,-0.000010,0.000296
31,0.000239,0.000087
32,-0.000283,0.000381
33,0.000023,0.000281
34,-0.000049,-0.000033
35,0.000285,0.000639
36,0.000119,-0.000033
37,0.000142,0.000378
38,0.000046,0.000081
39,0.000151,-0.000201
40,-0.000240,-0.000755
41,0.000676,-0.000295
42,0.000418,0.000275
43,0.000653,0.000288
44,0.000247,0.000513
45,-0.000023,0.000178
46,0.000163,0.001082
47,0.000151,0.000611
48,-0.000012,0.000374
49,-0.000286,-0.000181
50,0.000324,0.000966
51,0.000722,-0.000469
52,0.000163,-0.000570
53,-0.000014,-0.000247
54,0.000391,0.000983
55,0.000260,0.000371
56,0.000801,0.000767
57,0.000269,0.000035
58,0.000365,-0.000707
59,0.000146,0.000228
60,-0.000185,-0.000016
61,0.000799,0.000020
62,-0.000060,0.001109
63,-0.000248,-0.000010
64,0.000537,0.000348
65,0.001148,0.001052
66,0.000440,0.000280
67,-0.000283,0.000893
68,0.000134,0.000922
69,0.000681,0.001252
70,0.000739,0.000284
71,0.000205,0.001152
72,0.000958,0.000259
73,0.000395,0.002465
74,-0.000126,0.001436
75,0.001099,-0.000518
76,0.001557,-0.002737
77,0.000936,0.000113
78,0.000284,-0.000058
79,0.000342,0.000801
80,0.000685,-0.000271
81,-0.001456,0.000457
82,0.000701,0.001153
83,0.001360,0.000288
84,0.000647,0.003208
85,0.000595,-0.000655
86,0.001534,0.001017
87,0.000469,0.001692
88,0.001654,0.001787
89,0.001099,-0.000346
90,0.001016,0.002494
91,0.002461,0.001714
92,0.001278,-0.000285
93,0.000788,0.001228
94,0.000720,0.000182
95,-0.000521,-0.001314
96,0.001488,-0.000395
97,0.002233,-0.000732
98,0.000930,0.001415
99,0.000431,0.000825
100,0.002531,-0.001230
101,0.001502,-0.000505
102,-0.000009,0.000792
103,0.000573,0.002385
104,0.000848,0.002036
105,0.001134,-0.001594
106,0.000194,-0.000455
107,0.000464,0.000318
108,0.001906,0.001112
109,0.002783,0.002359
110,0.001128,0.001271
111,0.000589,0.001695
112,0.000346,0.004799
113,0.000563,0.000243
114,-0.001259,0.000336
115,0.000048,0.001600
116,0.001039,0.002539
117,-0.000050,0.002020
118,0.003637,0.002618
119,-0.000601,0.000650
120,0.002635,-0.000816
121,-0.000827,-0.000883
122,-0.000118,0.000007
123,0.000940,-0.000614
124,0.000934,0.000308
125,0.001006,0.000335
126,0.000123,0.003317
127,0.000307,0.001104
128,-0.000929,0.000235
129,0.003125,0.002984
130,0.000292,0.002661
131,-0.000386,0.003731
132,0.002087,0.004496
133,0.001851,0.000349
134,-0.000043,0.003480
135,-0.001062,-0.000474
136,0.002094,0.003610
137,0.000245,0.002542
138,0.001286,0.000905
139,-0.000107,0.000545
140,0.000221,0.001558
141,0.001409,0.000747
142,0.002948,0.000100
143,0.001065,0.001652
144,0.006005,-0.000806
145,0.007542,0.000332
146,0.000310,0.004161
147,0.000707,0.000339
148,0.001246,-0.000597
149,0.001772,0.000150
150,0.000559,-0.000252
151,-0.001890,-0.000947
152,-0.000128,0.002270
153,-0.002296,0.002197
154,0.003354,-0.000520
155,0.001308,0.002183
156,0.000402,-0.000344
157,0.002622,-0.001608
158,-0.001932,0.001313
159,-0.001220,0.001870
160,-0.001186,0.000563
161,0.001430,0.002352
162,-0.001456,0.000946
163,0.001332,0.003297
164,0.000430,-0.000528
165,-0.000548,0.001504
166,0.000951,0.003218
167,0.003494,0.001584
168,-0.003042,0.001975
169,0.001260,0.001205
170,0.000064,0.002812
171,0.000840,-0.000080
172,0.000781,0.001116
173,0.003428,-0.000227
174,0.001209,0.000778
175,0.001434,0.000534
176,0.000455,-0.002102
177,0.000100,0.001787
178,0.000572,-0.001007
179,0.005329,-0.000445
180,0.002259,0.000929
181,0.003660,-0.000904
182,0.003003,-0.000703
183,-0.001399,0.000790
184,0.000732,0.000599
185,0.000343,0.003937
186,0.000832,0.002502
187,-0.001840,0.002180
188,0.001910,0.001333
189,0.001733,0.001809
190,-0.000152,0.000524
191,0.003175,0.010351
192,-0.000465,0.004077
193,0.000348,0.001400
194,-0.001783,0.001543
195,0.000609,0.001122
196,-0.000697,-0.002565
197,0.001588,-0.001782
198,0.001123,0.001456
199,-0.002045,0.003621
200,0.002145,-0.000645
201,0.001709,0.003355
202,0.001381,0.002951
203,-0.000066,0.000235
204,0.001545,0.001373
205,0.000319,0.000662
206,0.003747,0.000656
207,0.002366,0.000788
208,-0.000230,0.000608
209,0.000381,0.002834
210,0.000994,-0.000032
211,-0.000849,0.001798
212,0.001427,0.000523
213,0.001437,0.001175
214,0.000372,0.000594
215,-0.000687,0.000520
216,0.002204,0.001065
217,0.002490,-0.000878
218,0.002262,0.001322
219,0.001469,-0.000311
220,-0.000675,0.003605
221,0.002048,0.000338
222,0.002753,0.000171
223,0.002855,0.001938
224,-0.000187,0.001118
225,0.002363,-0.001240
226,-0.001194,0.002033
227,-0.001406,0.000278
228,-0.000465,-0.001270
229,0.001000,0.001334
230,0.000529,-0.000331
231,-0.000743,0.001249
232,0.000442,-0.000470
233,-0.000724,0.000969
234,0.003771,0.000028
235,0.002495,0.001538
236,-0.000161,0.000629
237,-0.000092,0.002119
238,0.000029,0.000908
239,0.001252,0.000415
240,-0.001422,0.000037
241,-0.000043,0.001368
242,-0.000384,0.000303
243,0.003362,0.000107
244,0.000315,0.002664
245,-0.000240,0.003328
246,0.002065,0.002737
247,0.001829,-0.000075
248,-0.001625,0.000781
249,-0.000236,-0.000143
250,0.003642,0.001980
251,0.003352,-0.000166
252,-0.000858,0.001501
253,0.001777,0.000589
254,0.000973,0.001445
255,0.000047,0.004031
256,0.001517,-0.000288
257,0.001818,0.000839
258,0.000755,-0.000243
259,0.000924,-0.000318
260,0.000638,0.001132
261,0.005185,0.000815
262,0.000197,0.000691
263,0.002949,0.000612
264,-0.001316,-0.001294
265,0.004674,0.000284
266,0.002480,0.000328
267,0.001230,0.001779
268,0.002070,0.000427
269,0.001698,0.000837
270,-0.000721,0.001895
271,0.000047,0.000753
272,0.004213,-0.000223
273,-0.000021,0.000889
274,0.000408,-0.000115
275,0.002550,0.000699
276,0.001933,0.001224
277,0.000726,0.001616
278,0.000604,0.000736
279,0.001016,0.000937
280,0.002109,-0.000469
281,0.002527,0.000175
282,0.001351,0.001514
283,0.000843,0.001629
284,0.000180,-0.000792
285,-0.000766,0.001472
286,0.002195,0.001532
287,0.000625,0.001082
288,0.004330,0.000166
289,-0.001567,0.000777
290,0.000906,0.000327
291,0.002144,-0.000001
292,0.000359,0.000372
293,-0.000789,0.001457
294,0.001861,0.000750
295,-0.000129,0.001417
296,0.001345,0.001124
297,0.000214,-0.000631
298,0.000530,0.001434
299,0.001680,0.000152
300,0.000252,0.000142
301,0.000721,0.001451
302,-0.000070,0.001395
303,0.000642,-0.000037
304,0.001234,0.000942
305,0.002791,0.000287
306,0.001139,0.001387
307,0.001082,-0.000497
308,-0.001299,0.000469
309,0.000218,0.000027
310,0.001591,0.001807
311,0.002052,0.000278
312,0.001688,-0.000872
313,0.000638,0.001145
314,-0.001009,-0.000461
315,-0.000091,0.001330
316,-0.001171,-0.000364
317,0.000677,0.001697
318,0.001018,-0.000786
319,-0.000097,0.000360
320,0.002016,0.000473
321,-0.001535,-0.000428
322,0.002624,0.000504
323,0.002395,-0.000192
324,0.000724,-0.000565
325,0.002165,0.000677
326,0.000756,-0.000232
327,0.000617,-0.000130
328,-0.000802,0.001403
329,-0.000366,0.001128
330,0.000867,0.000569
331,-0.000187,0.000621
332,0.000685,-0.000198
333,0.000682,0.000640
334,0.001118,-0.000580
335,0.002271,0.000367
336,-0.001614,-0.000270
337,0.000769,-0.001007
338,-0.000160,0.000654
339,0.001568,0.000306
340,0.000803,-0.000300
341,0.001223,0.000073
342,-0.000511,-0.000380
343,0.001402,0.000304
344,0.000525,0.000685
345,0.000869,-0.001054
346,-0.001029,0.001871
347,0.001083,0.001507
348,0.000007,0.000721
349,0.000666,0.000265
350,0.001132,-0.000677
351,-0.000315,-0.000141
352,0.000654,-0.000163
353,0.000280,-0.000128
354,-0.000962,0.000227
355,0.000008,0.000772
356,0.001000,0.001577
357,-0.000553,0.000901
358,-0.000257,0.000340
359,0.000363,-0.000159
360,-0.000824,-0.000110
361,0.000976,0.001134
362,-0.000295,-0.000407
363,0.001059,0.000335
364,0.000363,0.000993
365,0.000916,-0.000023
366,0.000963,0.000552
367,0.000001,0.000477
368,0.002824,-0.000186
369,-0.000292,-0.000375
370,0.000208,0.001177
371,0.001064,0.000629
372,0.000359,0.000458
373,0.000428,0.000348
374,0.000228,0.000105
375,-0.001090,-0.000359
376,0.001409,-0.000103
377,0.000485,0.000361
378,0.000149,0.000165
379,0.000075,0.000864
380,0.000609,0.001051
381,0.000624,0.000938
382,0.001646,0.003245
383,0.002406,0.001733
384,-0.001412,0.001093
385,0.000829,-0.000096
386,0.000210,0.000182
387,0.000758,0.000591
388,0.001721,0.001100
389,-0.000232,0.000883
390,-0.000108,0.000596
391,0.000602,0.000533
392,0.000974,-0.000287
393,-0.001226,0.000086
394,-0.000049,0.000699
395,-0.000257,-0.000756
396,0.000918,0.000466
397,0.001406,-0.000167
398,0.001057,-0.000186
399,-0.000420,0.000173
400,0.000743,0.000950
401,-0.000450,0.000063
402,0.000882,0.001139
403,0.000457,-0.000280
404,-0.000377,0.000832
405,0.001724,-0.000296
406,0.000731,0.000214
407,0.000212,0.000668
408,0.000383,0.000191
409,0.001023,-0.000423
410,-0.000647,0.000209
411,-0.000084,-0.000299
412,0.000836,0.000221
413,0.000294,0.000332
414,0.000268,0.000592
415,0.000611,0.000047
416,0.000036,0.000258
417,0.000079,0.000545
418,0.000491,0.000487
419,0.000029,0.000224
420,0.000184,-0.000032
421,-0.000011,-0.000271
422,0.000731,-0.000240
423,0.000798,0.000421
424,0.000200,0.000612
425,0.000458,-0.000001
426,0.000240,0.000658
427,0.000791,0.000014
428,0.000496,0.000184
429,0.000755,0.000140
430,0.000761,0.000680
431,-0.000378,0.000085
432,0.000207,-0.000150
433,-0.000465,-0.000190
434,0.000395,0.000120
435,-0.000206,-0.000044
436,0.000615,-0.000002
437,0.000342,0.000006
438,-0.000023,0.000309
439,0.001181,0.000257
440,-0.000266,0.000666
441,0.001163,0.000473
442,0.000446,0.000674
443,0.000309,-0.000206
444,-0.000014,-0.000012
445,0.000510,0.000296
446,-0.000453,0.000134
447,0.000527,0.000150
448,0.000922,-0.000197
449,-0.000117,0.000242
450,0.001234,0.000352
451,-0.000606,-0.000065
452,0.000813,-0.000149
453,-0.000882,0.000505
454,0.001104,0.000079
455,-0.000599,0.000391
456,-0.000259,-0.000051
457,0.000788,0.000072
458,-0.000749,0.000187
459,0.000563,0.000198
460,0.000161,0.000573
461,0.000605,0.000521
462,0.001218,-0.000162
463,0.000360,-0.000044
464,-0.000186,0.000544
465,0.000759,0.000117
466,0.000263,-0.000088
467,0.000752,-0.000202
468,0.000395,0.000156
469,0.000942,-0.000024
470,0.000326,0.000071
471,0.000750,0.000142
472,-0.000169,-0.000057
473,0.001228,0.000070
474,0.000590,0.000098
475,0.000810,-0.000202
476,0.000265,0.000134
477,0.000910,0.000204
478,0.000038,-0.000001
479,0.000058,0.000467
480,0.001122,0.000039
481,0.000253,0.000256
482,0.000299,0.000436
483,0.000376,-0.000275
484,0.000216,0.000054
485,0.000527,-0.000060
486,0.000222,0.000112
487,0.001012,0.000206
488,0.000367,0.000362
489,0.000458,0.000106
490,0.000658,0.000114
491,0.001201,0.000014
492,-0.000010,-0.000099
493,0.000172,0.000195
494,0.000729,0.000153
495,-0.000208,-0.000064
496,0.000147,0.000015
497,0.000198,0.000163
498,0.000640,0.000122
499,0.000637,0.000076
500,0.000463,0.000068
501,0.000175,0.000219
502,-0.000277,0.000170
503,0.001020,0.000268
504,0.000538,0.000144
505,0.001158,0.000182
506,0.000837,0.000144
507,-0.000018,0.000011
508,0.000310,-0.000014
509,0.001955,0.000064
510,0.001115,0.000150
511,0.000311,0.000085
512,0.001067,0.000122
513,-0.000157,-0.000311
514,-0.000560,0.000080
515,0.000124,0.000111
516,-0.000502,0.000023
517,0.000364,0.000090
518,0.000680,-0.000019
519,0.000225,-0.000058
520,0.000589,0.000193
521,0.000289,0.000247
522,0.000006,0.000099
523,0.000046,-0.000089
524,0.000524,0.000122
525,0.000046,0.000095
526,0.000495,0.000033
527,0.000183,0.000023
528,-0.000110,0.000019
529,-0.000213,0.000045
530,0.000314,-0.000019
531,0.000582,-0.000049
532,-0.000272,0.000063
533,0.000163,0.000105
534,0.000692,0.000041
535,0.000623,-0.000001
536,0.000289,0.000155
537,0.000223,0.000046
538,0.000094,0.000005
539,0.000175,-0.000041
540,0.001420,-0.000029
541,0.000235,0.000024
542,0.000322,0.000035
543,0.000141,0.000010
544,0.000595,-0.000033
545,-0.000053,0.000018
546,0.000671,-0.000016
547,0.000054,0.000029
548,0.000084,-0.000031
549,0.000314,0.000119
550,0.000231,0.000093
551,0.000376,0.000007
552,0.000288,0.000063
553,0.000173,-0.000029
554,0.000158,0.000062
555,0.000262,0.000037
556,0.000396,-0.000003
557,0.000254,-0.000015
558,-0.000032,0.000073
559,0.000174,0.000056
560,0.000693,0.000065
561,0.000543,-0.000026
562,0.000334,-0.000013
563,0.000222,0.000016
564,0.000064,0.000167
565,0.000454,-0.000022
566,0.000239,0.000004
567,0.000371,-0.000043
568,0.000064,-0.000011
569,0.000051,-0.000004
570,0.000502,-0.000009
571,-0.000197,0.000002
572,-0.000039,0.000069
573,0.000282,0.000201
574,0.000392,0.000077
575,0.000818,0.000049
576,0.000124,0.000047
577,0.000065,0.000077
578,-0.000002,0.000024
579,0.000244,0.000017
580,0.000322,0.000027
581,0.000179,0.000044
582,-0.000141,-0.000004
583,0.000310,0.000016
584,0.000383,0.000046
585,0.000203,0.000059
586,0.000604,0.000065
587,0.000237,0.000082
588,0.000192,0.000035
589,0.000155,0.000002
590,-0.000057,0.000038
591,0.000839,0.000022
592,0.000023,0.000013
593,-0.000209,0.000053
594,-0.000242,0.000045
595,0.000148,0.000018
596,-0.000045,0.000052
597,0.000267,0.000044
598,0.000133,-0.000019
599,-0.000170,0.000004
600,0.000057,0.000047
601,0.000399,-0.000046
602,-0.000045,0.000082
603,0.000318,0.000031
604,0.000220,0.000036
605,0.000046,0.000077
606,0.000268,0.000007
607,-0.000028,0.000019
608,-0.000168,0.000020
609,0.000381,0.000023
610,0.000069,0.000058
611,0.000107,0.000029
612,0.000147,0.000024
613,0.000203,0.000006
614,-0.000202,-0.000017
615,0.000024,0.000011
616,0.000114,0.000038
617,0.000109,0.000036
618,0.000070,0.000037
619,0.000205,0.000079
620,0.000440,-0.000020
621,0.000831,0.000003
622,0.000226,0.000041
623,0.000221,0.000049
624,0.000109,0.000014
625,-0.000042,0.000010
626,-0.000073,0.000002
627,0.000258,0.000027
628,-0.000113,0.000014
629,-0.000117,0.000001
630,-0.000001,-0.000005
631,0.000089,0.000010
632,-0.000046,0.000033
633,0.000086,0.000019
634,0.000081,0.000004
635,0.000109,0.000007
636,-0.000091,0.000005
637,-0.000120,0.000032
638,0.000076,0.000003
639,0.000159,-0.000003
640,0.000080,0.000040
641,0.000101,0.000034
642,-0.000024,0.000027
643,-0.000010,0.000011
644,-0.000082,0.000033
645,0.000310,0.000023
646,-0.000074,0.000018
647,-0.000014,0.000026
648,-0.000015,0.000034
649,0.000085,0.000038
650,0.000111,0.000029
651,0.000071,0.000004
652,0.000114,0.000010
653,0.000074,0.000032
654,0.000084,-0.000003
655,0.000077,0.000032
656,0.000049,0.000029
657,0.000086,0.000007
658,0.000194,0.000019
659,0.000190,0.000003
660,0.000248,0.000016
661,-0.000037,0.000014
662,-0.000013,0.000017
663,0.000012,0.000023
664,0.000083,0.000005
665,-0.000003,0.000014
666,0.000020,0.000024
667,0.000066,-0.000003
668,-0.000014,0.000007
669,-0.000005,0.000032
670,-0.000019,0.000011
671,0.000160,0.000001
672,-0.000024,0.000022
673,-0.000046,0.000009
674,-0.000066,-0.000008
675,-0.000003,-0.000003
676,0.000188,0.000016
677,0.000060,0.000035
678,0.000159,0.000005
679,0.000206,0.000018
680,0.000028,0.000002
681,0.000049,-0.000002
682,-0.000069,0.000004
683,-0.000064,0.000007
684,0.000006,0.000007
685,-0.000036,0.000014
686,0.000026,0.000016
687,0.000174,0.000024
688,0.000048,0.000009
689,-0.000000,-0.000006
690,-0.000013,0.000005
691,0.000002,0.000007
692,0.000119,0.000002
693,0.000058,0.000001
694,0.000088,0.000002
695,0.000039,0.000002
696,0.000064,0.000001
697,0.000099,0.000012
698,-0.000017,0.000021
699,0.000148,0.000004
700,0.000057,0.000005
701,0.000001,0.000008
702,0.000036,0.000016
703,0.000024,0.000010
704,0.000135,0.000013
705,0.000048,0.000009
706,0.000031,0.000005
707,-0.000035,0.000018
708,0.000314,0.000013
709,0.000054,0.000006
710,0.000138,0.000010
711,0.000056,0.000011
712,0.000138,0.000013
713,0.000018,0.000010
714,0.000086,0.000001
715,0.000009,0.000020
716,0.000008,0.000003
717,-0.000017,0.000010
718,-0.000013,0.000006
719,-0.000030,0.000012
720,-0.000007,0.000010
721,0.000116,0.000013
722,-0.000061,0.000008
723,0.000039,0.000008
724,0.000121,0.000011
725,0.000042,0.000010
726,0.000052,0.000002
727,0.000051,0.000003
728,0.000273,0.000011
729,0.000020,0.000011
730,0.000146,0.000015
731,0.000055,0.000015
732,0.000012,0.000006
733,-0.000024,0.000009
734,-0.000032,0.000007
735,0.000060,0.000003
736,-0.000016,0.000004
737,0.000007,0.000008
738,0.000005,-0.000000
739,0.000085,0.000015
740,0.000116,0.000001
741,0.000070,0.000011
742,0.000013,0.000008
743,0.000071,0.000005
744,0.000016,0.000009
745,-0.000002,0.000011
746,0.000075,0.000006
747,0.000068,-0.000001
748,0.000054,0.000019
749,0.000094,0.000014
750,0.000031,-0.000001
751,0.000024,-0.000003
752,-0.000052,0.000006
753,0.000036,0.000005
754,0.000004,0.000015
755,0.000058,0.000009
756,0.000044,0.000009
757,0.000031,0.000013
758,0.000089,0.000008
759,0.000104,0.000010
760,0.000004,0.000004
761,0.000057,0.000006
762,0.000057,0.000011
763,0.000024,0.000004
764,0.000045,0.000007
765,0.000183,0.000008
766,0.000024,0.000007
767,0.000081,0.000009
768,-0.000000,0.000008
769,0.000087,0.000012
770,-0.000006,0.000008
771,0.000043,0.000007
772,0.000018,0.000003
773,0.000009,0.000006
774,0.000017,0.000004
775,0.000030,0.000006
776,0.000018,0.000014
777,-0.000015,0.000004
778,-0.000011,0.000011
779,0.000008,0.000003
780,0.000023,0.000014
781,0.000042,0.000009
782,-0.000005,0.000009
783,-0.000014,0.000008
784,0.000000,0.000011
785,-0.000041,0.000012
786,0.000012,0.000016
787,0.000052,0.000009
788,-0.000018,0.000005
789,-0.000011,0.000004
790,0.000096,0.000011
791,0.000001,0.000013
792,-0.000017,0.000003
793,0.000054,0.000017
794,-0.000014,0.000011
